,2010,2011,2012,2013,2014,2015,2016,2017,2018,2019,2020
ABAD Damien,0.0,0.0,36185.0,50262.0,49901.0,72371.0,72518.0,69603.0,0.0,0.0,0.0
ABADIE Caroline,0.0,0.0,0.0,0.0,17638.0,5449.0,2468.0,0.0,0.0,0.0,0.0
ABBA Bérangère,0.0,0.0,0.0,0.0,0.0,0.0,16394.0,7897.0,0.0,0.0,0.0
ACQUAVIVA Jean-Félix,0.0,0.0,0.0,0.0,0.0,0.0,20712.0,12082.0,0.0,0.0,0.0
ADAM Damien,0.0,0.0,4500.0,4500.0,6000.0,29500.0,39287.0,16491.0,0.0,0.0,0.0
ADAM Lénaïck,0.0,0.0,0.0,0.0,0.0,1492.0,17976.0,74276.0,25992.0,0.0,0.0
AHAMADA Saïd,0.0,0.0,0.0,0.0,8134.0,21714.0,69463.0,40386.0,0.0,0.0,0.0
ALAUZET Éric,0.0,0.0,79353.0,41172.0,16339.0,13163.0,6741.0,1896.0,0.0,0.0,0.0
ALI Ramlati,0.0,81789.0,88163.0,94008.0,109751.0,123231.0,163884.0,80497.0,38008.0,0.0,0.0
ALIOT Louis,0.0,0.0,63096.0,69982.0,64816.0,78960.0,78960.0,39600.0,0.0,0.0,0.0
AMADOU Aude,0.0,0.0,0.0,3000.0,4800.0,14277.0,19372.0,10500.0,0.0,0.0,0.0
ANATO Patrice,0.0,21978.0,22759.0,24518.0,16789.0,26833.0,17589.0,4558.0,0.0,0.0,0.0
ANDRÉ François,0.0,0.0,45000.0,90000.0,90000.0,90000.0,90000.0,45000.0,0.0,0.0,0.0
ANGLADE Pieyre-Alexandre,0.0,0.0,0.0,27729.0,34662.0,42942.0,49485.0,23318.0,0.0,0.0,0.0
ANTHOINE Emmanuelle,0.0,29059.0,56145.0,48684.0,41271.0,41947.0,59364.0,21929.0,0.0,0.0,0.0
ARDOUIN Jean-Philippe,0.0,0.0,12800.0,13800.0,15200.0,16500.0,16300.0,10400.0,0.0,0.0,0.0
AREND Christophe,0.0,0.0,35917.0,48741.0,21822.0,61325.0,51172.0,0.0,0.0,0.0,0.0
AUBERT Julien,0.0,0.0,0.0,0.0,0.0,1643.0,28452.0,14882.0,0.0,0.0,0.0
AUTAIN Clémentine,0.0,0.0,22996.0,24187.0,28727.0,14944.0,45581.0,26457.0,0.0,0.0,0.0
AVIA Laetitia,0.0,38993.0,92490.0,84191.0,0.0,45367.0,35674.0,0.0,0.0,0.0,0.0
AVIRAGNET Joël,0.0,48120.0,39120.0,39120.0,24670.0,5670.0,12500.0,8400.0,0.0,0.0,0.0
BACHELIER Florian,0.0,122886.0,72015.0,151794.0,138695.0,129410.0,130854.0,174040.0,0.0,0.0,0.0
BAGARRY Delphine,0.0,395.0,80457.0,76672.0,89464.0,103566.0,103872.0,12530.0,0.0,0.0,0.0
BAICHÈRE Didier,0.0,0.0,190000.0,190000.0,259463.0,174898.0,157850.0,92079.0,0.0,0.0,0.0
BALANANT Erwan,0.0,0.0,9177.0,9177.0,5113.0,4835.0,10793.0,4824.0,0.0,0.0,0.0
BANNIER Géraldine,0.0,20921.0,20871.0,21094.0,27556.0,31048.0,41662.0,6343.0,0.0,0.0,0.0
BARBIER Frédéric,0.0,41097.0,27105.0,0.0,2441.0,18682.0,18560.0,18706.0,0.0,0.0,0.0
BAREIGTS Ericka,0.0,0.0,49710.0,99420.0,99420.0,97500.0,95051.0,44863.0,0.0,0.0,0.0
BARROT Jean-Noël,0.0,0.0,15493.0,138502.0,209480.0,224465.0,237996.0,84977.0,2462.0,0.0,0.0
BASSIRE Nathalie,0.0,10973.0,26609.0,27021.0,27117.0,28223.0,53580.0,37867.0,0.0,0.0,0.0
BATHO Delphine,0.0,0.0,47625.0,73332.0,46728.0,46077.0,44747.0,62272.0,0.0,0.0,0.0
BATTISTEL Marie-Noëlle,0.0,36713.0,73995.0,105439.0,103560.0,99449.0,97720.0,52914.0,0.0,0.0,0.0
BATUT Xavier,0.0,51454.0,50874.0,50257.0,37003.0,40479.0,52073.0,28001.0,0.0,0.0,0.0
BAUDU Stéphane,0.0,0.0,0.0,0.0,0.0,0.0,0.0,0.0,0.0,0.0,0.0
BAZIN Thibault,0.0,57723.0,81245.0,80002.0,87952.0,94134.0,104848.0,67419.0,0.0,0.0,0.0
BAZIN-MALGRAS Valérie,0.0,15992.0,33940.0,32088.0,35684.0,36665.0,34660.0,18215.0,0.0,0.0,0.0
BEAUDOUIN-HUBIERE Sophie,0.0,23282.0,37898.0,17914.0,39431.0,39131.0,44799.0,0.0,0.0,0.0,0.0
BEAUVAIS Valérie,0.0,20500.0,44360.0,44259.0,50607.0,58069.0,74383.0,33350.0,0.0,0.0,0.0
BECHT Olivier,0.0,104002.0,105745.0,107080.0,112524.0,130861.0,131541.0,74909.0,13600.0,0.0,0.0
BELHADDAD Belkhir,0.0,0.0,0.0,0.0,40946.0,40946.0,35246.0,12912.0,0.0,0.0,0.0
BELHAMITI Mounir,0.0,0.0,0.0,0.0,0.0,0.0,0.0,0.0,0.0,0.0,0.0
BELLO Huguette,0.0,31004.0,87093.0,83366.0,66598.0,56953.0,80963.0,55742.0,0.0,0.0,0.0
BENIN Justine,0.0,39388.0,19201.0,19201.0,19201.0,38442.0,42290.0,21144.0,0.0,0.0,0.0
BENOIT Thierry,0.0,0.0,30396.0,30191.0,30276.0,30116.0,30107.0,30107.0,0.0,0.0,0.0
BERGÉ Aurore,0.0,23000.0,48000.0,40400.0,50278.0,58178.0,56678.0,28278.0,0.0,0.0,0.0
BERNALICIS Ugo,0.0,0.0,8091.0,21084.0,26291.0,26933.0,28746.0,13900.0,0.0,0.0,0.0
BERTA Philippe,0.0,0.0,0.0,0.0,0.0,0.0,0.0,29849.0,0.0,0.0,0.0
BERVILLE Hervé,0.0,0.0,0.0,2858.0,24264.0,22503.0,22531.0,19900.0,0.0,0.0,0.0
BESSON-MOREAU Grégory,0.0,21206.0,86063.0,101711.0,137494.0,113848.0,154473.0,31200.0,0.0,0.0,0.0
BESSOT BALLOT Barbara,0.0,0.0,30878.0,30726.0,28570.0,58798.0,60772.0,31782.0,0.0,0.0,0.0
BIÉMOURET Gisèle,0.0,0.0,0.0,0.0,20844.0,20844.0,20844.0,10422.0,0.0,0.0,0.0
BILDE Bruno,0.0,0.0,31336.0,70502.0,78427.0,47262.0,57241.0,35415.0,0.0,0.0,0.0
BLANC Anne,0.0,34645.0,34645.0,34645.0,39411.0,60121.0,66653.0,38073.0,0.0,0.0,0.0
BLANCHET Christophe,0.0,74055.0,52938.0,58683.0,69471.0,81879.0,90657.0,37887.0,0.0,0.0,0.0
BLEIN Yves,0.0,0.0,145875.0,8374.0,28630.0,38332.0,37882.0,22895.0,0.0,0.0,0.0
BOIS Pascal,0.0,37428.0,38350.0,38871.0,31877.0,34969.0,37867.0,16200.0,0.0,0.0,0.0
BOLO Philippe,0.0,46517.0,48381.0,50959.0,61658.0,62736.0,60700.0,32348.0,0.0,0.0,0.0
BONNELL Bruno,0.0,0.0,122633.0,115680.0,118819.0,242963.0,138612.0,73115.0,0.0,0.0,0.0
BONNIVARD Émilie,0.0,26262.0,26384.0,35169.0,45290.0,32108.0,39957.0,18292.0,0.0,0.0,0.0
BONO-VANDORME Aude,0.0,0.0,47965.0,48078.0,40699.0,35547.0,15367.0,7903.0,0.0,0.0,0.0
BONY Jean-Yves,0.0,54227.0,54692.0,53989.0,55792.0,56515.0,59233.0,0.0,0.0,0.0,0.0
BOROWCZYK Julien,0.0,0.0,0.0,110000.0,140000.0,150000.0,110000.0,45000.0,0.0,0.0,0.0
BOTHOREL Éric,0.0,38394.0,51192.0,51192.0,58032.0,14508.0,18400.0,8900.0,0.0,0.0,0.0
BOUCARD Ian,0.0,4200.0,10227.0,18857.0,46625.0,67889.0,68198.0,21888.0,0.0,0.0,0.0
BOUCHET Jean-Claude,0.0,0.0,73616.0,67627.0,76206.0,75103.0,73675.0,46501.0,0.0,0.0,0.0
BOUDIÉ Florent,0.0,0.0,0.0,0.0,0.0,0.0,21427.0,11625.0,0.0,0.0,0.0
BOUILLON Christophe,0.0,0.0,48434.0,48471.0,50280.0,67867.0,73064.0,43955.0,0.0,0.0,0.0
BOURGUIGNON Brigitte,0.0,0.0,0.0,0.0,0.0,0.0,0.0,0.0,0.0,0.0,0.0
BOURLANGES Jean-Louis,0.0,30627.0,42195.0,44443.0,43364.0,31167.0,12757.0,1919.0,0.0,0.0,0.0
BOURNAZEL Pierre-Yves,0.0,58306.0,55270.0,50931.0,66819.0,67675.0,69306.0,33216.0,0.0,0.0,0.0
BOUYX Bertrand,0.0,0.0,51351.0,54891.0,54375.0,57294.0,56521.0,33316.0,0.0,0.0,0.0
BOYER Pascale,0.0,16562.0,20035.0,29233.0,28563.0,28943.0,22920.0,11911.0,0.0,0.0,0.0
BOYER Valérie,0.0,0.0,47714.0,47233.0,167189.0,73774.0,67691.0,33916.0,0.0,0.0,0.0
BRAUN-PIVET Yaël,0.0,0.0,0.0,0.0,0.0,0.0,0.0,0.0,0.0,0.0,0.0
BRENIER Marine,0.0,0.0,11847.0,11847.0,40580.0,40580.0,40580.0,17086.0,0.0,0.0,0.0
BRETON Xavier,0.0,0.0,0.0,0.0,0.0,0.0,23810.0,13285.0,0.0,0.0,0.0
BRIAL Sylvain,0.0,0.0,30200.0,30200.0,30200.0,30200.0,30200.0,62631.0,33117.0,0.0,0.0
AUCONIE Sophie,0.0,2462.0,2453.0,2451.0,11315.0,41398.0,53998.0,8697.0,0.0,0.0,0.0
BRICOUT Guy,0.0,92899.0,92491.0,88644.0,88901.0,96330.0,98288.0,49509.0,0.0,0.0,0.0
BRICOUT Jean-Louis,0.0,25536.0,25536.0,25536.0,25534.0,25536.0,25536.0,12768.0,0.0,0.0,0.0
BRIDEY Jean-Jacques,0.0,25000.0,55600.0,54600.0,54600.0,54600.0,54600.0,28300.0,0.0,0.0,0.0
BROCARD Blandine,0.0,24232.0,27227.0,8674.0,3934.0,7526.0,17186.0,11084.0,0.0,0.0,0.0
BROCHAND Bernard,0.0,65567.0,64837.0,64423.0,50592.0,48576.0,54374.0,35610.0,0.0,0.0,0.0
BROTHERSON Moetai,0.0,85870.0,114482.0,85308.0,37225.0,40061.0,40119.0,20105.0,0.0,0.0,0.0
BRU Vincent,0.0,0.0,111762.0,113520.0,119896.0,121016.0,120061.0,37931.0,0.0,0.0,0.0
BRUGNERA Anne,0.0,0.0,21982.0,62593.0,68954.0,87568.0,86293.0,46652.0,0.0,0.0,0.0
BRULEBOIS Danielle,0.0,0.0,0.0,0.0,0.0,15490.0,13405.0,13405.0,0.0,0.0,0.0
BRUN Fabrice,0.0,0.0,0.0,0.0,0.0,1858.0,3768.0,3772.0,0.0,0.0,0.0
BRUNEEL Alain,0.0,0.0,0.0,48014.0,48134.0,48638.0,45123.0,9976.0,0.0,0.0,0.0
BRUNET Anne-France,0.0,0.0,30000.0,31000.0,30225.0,61586.0,23017.0,20000.0,0.0,0.0,0.0
BUCHOU Stéphane,0.0,0.0,16154.0,40600.0,40039.0,42366.0,47387.0,23496.0,0.0,0.0,0.0
BUFFET Marie-George,0.0,0.0,0.0,0.0,0.0,0.0,0.0,0.0,0.0,0.0,0.0
BUREAU-BONNARD Carole,0.0,0.0,60456.0,87140.0,64578.0,75386.0,79740.0,11684.0,0.0,0.0,0.0
CABARÉ Pierre,0.0,0.0,0.0,0.0,45550.0,41944.0,40474.0,0.0,0.0,0.0,0.0
CALVEZ Céline,0.0,0.0,50250.0,64900.0,60000.0,75000.0,60000.0,25000.0,0.0,0.0,0.0
CARIOU Émilie,0.0,0.0,46312.0,109356.0,102907.0,88767.0,87312.0,44001.0,0.0,0.0,0.0
CARREZ Gilles,0.0,0.0,50644.0,54479.0,54963.0,54934.0,73618.0,19440.0,9360.0,0.0,0.0
CARVOUNAS Luc,0.0,0.0,26186.0,26979.0,26661.0,25744.0,25147.0,18846.0,0.0,0.0,0.0
CASTELLANI Michel,0.0,0.0,70301.0,68249.0,72201.0,29007.0,18854.0,9686.0,0.0,0.0,0.0
CATTELOT Anne-Laure,0.0,0.0,11200.0,23800.0,26000.0,28000.0,37000.0,16000.0,0.0,0.0,0.0
CATTIN Jacques,0.0,14016.0,13994.0,13945.0,16136.0,35485.0,44005.0,18751.0,0.0,0.0,0.0
CAUSSE Lionel,0.0,55126.0,58634.0,60569.0,56974.0,59582.0,41787.0,36451.0,0.0,0.0,0.0
CAZARIAN Danièle,0.0,0.0,18000.0,18000.0,18000.0,21289.0,21588.0,8408.0,0.0,0.0,0.0
CAZEBONNE Samantha,0.0,0.0,37030.0,38249.0,44486.0,53226.0,53448.0,52143.0,15773.0,0.0,0.0
CAZENEUVE Jean-René,0.0,0.0,340629.0,336769.0,422930.0,485374.0,512889.0,717875.0,0.0,0.0,0.0
CAZENOVE Sébastien,0.0,20327.0,20249.0,20305.0,21002.0,22058.0,22019.0,9816.0,0.0,0.0,0.0
CELLIER Anthony,0.0,20051.0,32338.0,49574.0,49377.0,48286.0,52332.0,37849.0,0.0,0.0,0.0
CESARINI Jean-François,0.0,30000.0,30000.0,40000.0,39500.0,41062.0,52894.0,27847.0,0.0,0.0,0.0
CHALAS Émilie,0.0,39000.0,43282.0,50485.0,62945.0,66313.0,69214.0,29930.0,0.0,0.0,0.0
CHALUMEAU Philippe,0.0,90679.0,104807.0,116049.0,100740.0,95776.0,102921.0,48100.0,0.0,0.0,0.0
CHAPELIER Annie,0.0,0.0,38889.0,43225.0,31073.0,36773.0,41022.0,20788.0,0.0,0.0,0.0
CHARRIÈRE Sylvie,0.0,48959.0,51339.0,59823.0,58839.0,58484.0,62330.0,29695.0,0.0,0.0,0.0
CHARVIER Fannette,0.0,0.0,11470.0,16723.0,19619.0,20347.0,22698.0,12271.0,0.0,0.0,0.0
CHASSAIGNE André,0.0,0.0,65039.0,60040.0,55024.0,57242.0,44721.0,31420.0,0.0,0.0,0.0
CHASSAING Philippe,0.0,0.0,40015.0,40889.0,43693.0,43553.0,43502.0,19150.0,0.0,0.0,0.0
CHENU Sébastien,0.0,0.0,0.0,0.0,0.0,40692.0,66738.0,40788.0,0.0,0.0,0.0
CHERPION Gérard,0.0,0.0,0.0,0.0,0.0,0.0,24930.0,12724.0,0.0,0.0,0.0
CHICHE Guillaume,0.0,0.0,27404.0,29107.0,35907.0,87348.0,42998.0,30111.0,0.0,0.0,0.0
CHOUAT Francis,0.0,0.0,0.0,0.0,0.0,0.0,0.0,0.0,0.0,0.0,0.0
CHRISTOPHE Paul,0.0,0.0,0.0,42759.0,67800.0,78002.0,74515.0,38038.0,0.0,0.0,0.0
CINIERI Dino,0.0,0.0,0.0,0.0,0.0,0.0,31310.0,31310.0,0.0,0.0,0.0
CIOTTI Éric,0.0,0.0,0.0,0.0,0.0,33976.0,34080.0,20306.0,0.0,0.0,0.0
CLAIREAUX Stéphane,0.0,0.0,0.0,0.0,0.0,2000.0,12000.0,3000.0,0.0,0.0,0.0
CLAPOT Mireille,0.0,55627.0,55500.0,62145.0,70000.0,73000.0,73672.0,40800.0,0.0,0.0,0.0
CLÉMENT Jean-Michel,0.0,0.0,16383.0,9333.0,1183.0,2729.0,11251.0,-8414.0,0.0,0.0,0.0
CLOAREC Christine,0.0,0.0,0.0,0.0,0.0,0.0,0.0,0.0,0.0,0.0,0.0
COLAS-ROY Jean-Charles,0.0,51647.0,52301.0,56332.0,53303.0,54980.0,46582.0,540.0,0.0,0.0,0.0
COLBOC Fabienne,0.0,0.0,3139.0,8181.0,7523.0,14634.0,56745.0,12637.0,0.0,0.0,0.0
COLLARD Gilbert,0.0,0.0,0.0,0.0,0.0,0.0,0.0,0.0,0.0,0.0,0.0
COLOMBANI Paul-André,0.0,96897.0,99969.0,98453.0,138429.0,136032.0,172917.0,15481.0,0.0,0.0,0.0
COQUEREL Éric,0.0,0.0,0.0,18000.0,17513.0,17536.0,51570.0,29459.0,0.0,0.0,0.0
CORBIÈRE Alexis,0.0,0.0,16239.0,23580.0,28781.0,30698.0,44039.0,19413.0,0.0,0.0,0.0
CORDIER Pierre,0.0,16376.0,75747.0,77697.0,74746.0,84380.0,84604.0,38178.0,0.0,0.0,0.0
CORMIER-BOULIGEON François,0.0,39600.0,39600.0,39600.0,29500.0,54000.0,47000.0,24750.0,0.0,0.0,0.0
CORNELOUP Josiane,0.0,0.0,0.0,0.0,0.0,249247.0,207764.0,210040.0,0.0,0.0,0.0
CORNUT-GENTILLE François,0.0,0.0,53504.0,55036.0,54779.0,54432.0,54245.0,27000.0,0.0,0.0,0.0
COUILLARD Bérangère,0.0,0.0,24533.0,29633.0,28689.0,36824.0,32133.0,18150.0,0.0,0.0,0.0
CROUZET Michèle,0.0,24970.0,28203.0,29716.0,33507.0,41798.0,42537.0,23817.0,0.0,0.0,0.0
CUBERTAFON Jean-Pierre,0.0,12346.0,35168.0,31959.0,67269.0,18053.0,16931.0,12013.0,0.0,0.0,0.0
DA SILVA Dominique,0.0,6983.0,6967.0,6959.0,6952.0,6944.0,21959.0,13855.0,0.0,0.0,0.0
DALLOZ Marie-Christine,0.0,0.0,0.0,0.0,0.0,17238.0,23094.0,15348.0,0.0,0.0,0.0
DAMAISIN Olivier,0.0,0.0,0.0,0.0,2520.0,3360.0,23820.0,13520.0,0.0,0.0,0.0
DANIEL Yves,0.0,0.0,41588.0,77875.0,76578.0,76259.0,70674.0,32379.0,0.0,0.0,0.0
DASSAULT Olivier,0.0,60416.0,649012.0,658438.0,677542.0,629324.0,655074.0,594688.0,0.0,0.0,0.0
DAVID Dominique,0.0,0.0,70200.0,76500.0,81900.0,74177.0,61197.0,35434.0,0.0,0.0,0.0
DAVID Alain,0.0,0.0,0.0,0.0,125538.0,125515.0,125533.0,67573.0,0.0,0.0,0.0
DE COURSON Yolaine,0.0,60000.0,60000.0,60000.0,66864.0,66864.0,36864.0,4576.0,0.0,0.0,0.0
DE LAVERGNE Célia,0.0,0.0,105348.0,87662.0,81462.0,56199.0,49895.0,5452.0,0.0,0.0,0.0
DE MONTCHALIN Amélie,0.0,0.0,0.0,0.0,0.0,0.0,0.0,0.0,0.0,0.0,0.0
DE TEMMERMAN Jennifer,0.0,0.0,27062.0,34272.0,35463.0,34068.0,34931.0,16833.0,0.0,0.0,0.0
DE VAUCOULEURS Michèle,0.0,25471.0,23809.0,27326.0,33201.0,34318.0,39603.0,20132.0,0.0,0.0,0.0
DE COURSON Charles,0.0,0.0,0.0,0.0,0.0,29950.0,30000.0,30000.0,0.0,0.0,0.0
DEFLESSELLES Bernard,0.0,0.0,0.0,0.0,0.0,0.0,0.0,96204.0,0.0,0.0,0.0
DE GANAY Claude,0.0,0.0,26795.0,50262.0,50006.0,49680.0,49483.0,33506.0,0.0,0.0,0.0
DEGOIS Typhanie,0.0,0.0,1924.0,2493.0,1683.0,2368.0,2113.0,1852.0,0.0,0.0,0.0
DE LA RAUDIÈRE Laure,0.0,0.0,83963.0,83054.0,75161.0,70420.0,69373.0,45680.0,0.0,0.0,0.0
DELATTE Marc,0.0,0.0,89218.0,88429.0,96163.0,96654.0,100194.0,0.0,0.0,0.0,0.0
DELATTE Rémi,0.0,0.0,25976.0,-9940.0,-11916.0,8448.0,-8038.0,12738.0,0.0,0.0,0.0
DE LA VERPILLIÈRE Charles,0.0,0.0,2160.0,1140.0,3055.0,33295.0,36583.0,17796.0,0.0,0.0,0.0
DELPON Michel,0.0,0.0,0.0,52546.0,61953.0,74866.0,68081.0,42416.0,0.0,0.0,0.0
DEMILLY Stéphane,0.0,-9404.0,43666.0,40440.0,-4455.0,45376.0,33917.0,14172.0,0.0,0.0,0.0
DÉMOULIN Nicolas,0.0,81120.0,81120.0,81120.0,62120.0,86400.0,86400.0,36000.0,0.0,0.0,0.0
DEPREZ-AUDEBERT Marguerite,0.0,72520.0,81651.0,65873.0,57571.0,59498.0,55096.0,26832.0,0.0,0.0,0.0
DE SARNEZ Marielle,0.0,95530.0,95482.0,95482.0,104697.0,100222.0,100384.0,46979.0,0.0,0.0,0.0
DESCAMPS Béatrice,0.0,0.0,37871.0,40444.0,37918.0,66375.0,75006.0,60289.0,0.0,0.0,0.0
DESCOEUR Vincent,0.0,0.0,65559.0,87283.0,104338.0,121159.0,126259.0,63279.0,0.0,0.0,0.0
DESCROZAILLE Frédéric,0.0,0.0,0.0,0.0,5000.0,60000.0,80000.0,35000.0,0.0,0.0,0.0
DHARRÉVILLE Pierre,0.0,40594.0,41000.0,41401.0,41418.0,42355.0,45476.0,18620.0,0.0,0.0,0.0
DI FILIPPO Fabien,0.0,26702.0,28690.0,35019.0,36867.0,37005.0,39661.0,20619.0,0.0,0.0,0.0
DI POMPEO Christophe,0.0,44592.0,44592.0,44592.0,49392.0,53580.0,57580.0,53580.0,0.0,0.0,0.0
DIARD Éric,0.0,0.0,0.0,0.0,0.0,0.0,1700.0,1369.0,0.0,0.0,0.0
DIRX Benjamin,0.0,40021.0,39339.0,42974.0,44606.0,44590.0,36104.0,0.0,0.0,0.0,0.0
DIVE Julien,0.0,27000.0,27600.0,29400.0,42376.0,47502.0,16344.0,3048.0,0.0,0.0,0.0
DJEBBARI Jean-Baptiste,0.0,0.0,0.0,0.0,0.0,0.0,0.0,0.0,0.0,0.0,0.0
DO Stéphanie,0.0,0.0,48745.0,54882.0,64194.0,58413.0,58434.0,30113.0,0.0,0.0,0.0
DOMBREVAL Loïc,0.0,0.0,0.0,132336.0,140314.0,150773.0,173820.0,104425.0,0.0,0.0,0.0
DOOR Jean-Pierre,0.0,0.0,0.0,0.0,0.0,0.0,0.0,0.0,0.0,0.0,0.0
DUBIÉ Jeanine,0.0,0.0,78171.0,60422.0,61933.0,70048.0,50181.0,25096.0,0.0,0.0,0.0
DUBOIS Jacqueline,0.0,0.0,28173.0,28173.0,20220.0,0.0,0.0,0.0,0.0,0.0,0.0
DUBOIS Marianne,0.0,68161.0,68161.0,68161.0,68161.0,90658.0,98563.0,111780.0,0.0,0.0,0.0
DUBOST Coralie,0.0,0.0,2600.0,10900.0,6000.0,12400.0,17500.0,7000.0,0.0,0.0,0.0
DUBRÉ-CHIRAT Nicole,0.0,6105.0,6538.0,5558.0,6658.0,6097.0,6100.0,2044.0,0.0,0.0,0.0
DUBY-MULLER Virginie,0.0,0.0,0.0,0.0,0.0,27056.0,37172.0,18821.0,0.0,0.0,0.0
DUFEU SCHUBERT Audrey,0.0,0.0,0.0,0.0,0.0,0.0,89522.0,62842.0,0.0,0.0,0.0
DUFRÈGNE Jean-Paul,0.0,0.0,59012.0,58525.0,79976.0,50914.0,41762.0,16177.0,0.0,0.0,0.0
DUMAS Frédérique,0.0,0.0,360000.0,360000.0,473000.0,337286.0,148778.0,45600.0,0.0,0.0,0.0
DUMAS Françoise,0.0,0.0,70199.0,85655.0,63350.0,55171.0,55659.0,30702.0,0.0,0.0,0.0
DUMONT Pierre-Henri,0.0,0.0,10000.0,33800.0,34570.0,58815.0,66113.0,36415.0,0.0,0.0,0.0
DUMONT Laurence,0.0,0.0,2127.0,10033.0,11248.0,12094.0,8162.0,4276.0,0.0,0.0,0.0
DUNOYER Philippe,0.0,68380.0,68380.0,68380.0,50362.0,29162.0,80447.0,73155.0,0.0,0.0,0.0
DUPONT Stella,0.0,55197.0,55197.0,55197.0,54793.0,31906.0,58282.0,28022.0,0.0,0.0,0.0
DUPONT-AIGNAN Nicolas,0.0,0.0,29125.0,26210.0,26540.0,24532.0,26445.0,16611.0,0.0,0.0,0.0
DUVERGÉ Bruno,0.0,38908.0,75142.0,49278.0,62562.0,54918.0,70296.0,35227.0,0.0,0.0,0.0
EL GUERRAB M'jid,0.0,0.0,101672.0,131479.0,92342.0,51140.0,54685.0,28836.0,0.0,0.0,0.0
EL HAÏRY Sarah,0.0,4571.0,1263.0,12816.0,26211.0,44598.0,58919.0,30496.0,0.0,0.0,0.0
ELIAOU Jean-François,0.0,113341.0,111073.0,110271.0,114626.0,117962.0,119662.0,122218.0,0.0,0.0,0.0
ELIMAS Nathalie,0.0,24000.0,24000.0,24000.0,30036.0,50170.0,51170.0,33913.0,0.0,0.0,0.0
ERRANTE Sophie,0.0,0.0,0.0,0.0,253.0,253.0,253.0,253.0,0.0,0.0,0.0
ESSAYAN Nadia,0.0,0.0,19682.0,20740.0,20977.0,20837.0,24287.0,22698.0,0.0,0.0,0.0
EUZET Christophe,0.0,0.0,65200.0,37700.0,43400.0,44300.0,50400.0,23100.0,0.0,0.0,0.0
EVRARD José,0.0,0.0,0.0,0.0,1756.0,28796.0,37787.0,22358.0,0.0,0.0,0.0
FABRE Catherine,0.0,0.0,38000.0,38000.0,39302.0,40720.0,41585.0,21840.0,0.0,0.0,0.0
FAJGELES Élise,0.0,0.0,0.0,0.0,0.0,0.0,0.0,0.0,0.0,0.0,0.0
FALORNI Olivier,0.0,0.0,26795.0,50262.0,50005.0,49680.0,49483.0,33506.0,0.0,0.0,0.0
FANGET Michel,0.0,89360.0,89360.0,89360.0,89360.0,89360.0,111740.0,102860.0,0.0,0.0,0.0
FASQUELLE Daniel,0.0,0.0,99391.0,149222.0,137293.0,126125.0,131452.0,51788.0,0.0,0.0,0.0
FAUCILLON Elsa,0.0,0.0,0.0,30589.0,31928.0,53693.0,61026.0,34284.0,0.0,0.0,0.0
FAURE-MUNTIAN Valéria,0.0,16188.0,14772.0,18348.0,22440.0,12481.0,25992.0,14866.0,0.0,0.0,0.0
FAURE Olivier,0.0,0.0,0.0,0.0,0.0,0.0,0.0,0.0,0.0,0.0,0.0
FAUVERGUE Jean-Michel,0.0,91911.0,85513.0,94249.0,96911.0,106362.0,101145.0,47796.0,0.0,0.0,0.0
FAVENNEC BECOT Yannick,0.0,0.0,0.0,0.0,0.0,26107.0,27800.0,15769.0,0.0,0.0,0.0
FERRAND Richard,0.0,0.0,72371.0,106782.0,104014.0,102000.0,107038.0,35746.0,0.0,0.0,0.0
FERRARA Jean-Jacques,0.0,0.0,78009.0,80769.0,74133.0,117993.0,125509.0,27093.0,0.0,0.0,0.0
FIAT Caroline,0.0,0.0,12792.0,12342.0,10822.0,10986.0,6637.0,2400.0,0.0,0.0,0.0
FIÉVET Jean-Marie,0.0,40534.0,41465.0,41901.0,41989.0,43887.0,43392.0,22199.0,0.0,0.0,0.0
FIRMIN LE BODO Agnès,0.0,0.0,274044.0,207381.0,240387.0,228844.0,228860.0,107000.0,0.0,0.0,0.0
FLORENNES Isabelle,0.0,58245.0,59023.0,59791.0,60549.0,61299.0,62327.0,32412.0,0.0,0.0,0.0
FOLLIOT Philippe,0.0,0.0,0.0,0.0,8760.0,26876.0,31454.0,11504.0,0.0,0.0,0.0
FONTAINE-DOMEIZEL Emmanuelle,0.0,0.0,32984.0,25707.0,37202.0,46974.0,50662.0,9555.0,0.0,0.0,0.0
FONTENEL-PERSONNE Pascale,0.0,0.0,0.0,0.0,2400.0,20400.0,21949.0,0.0,0.0,0.0,0.0
FORISSIER Nicolas,0.0,0.0,22530.0,77976.0,35425.0,57190.0,90232.0,63335.0,0.0,0.0,0.0
FORTEZA Paula,0.0,0.0,3670.0,5259.0,5912.0,6500.0,29400.0,17650.0,0.0,0.0,0.0
FRESCHI Alexandre,0.0,16080.0,16080.0,16080.0,24040.0,17860.0,19760.0,20360.0,0.0,0.0,0.0
FUCHS Bruno,0.0,394100.0,226603.0,100941.0,76175.0,38296.0,28500.0,24000.0,0.0,0.0,0.0
FUGIT Jean-Luc,0.0,46816.0,47384.0,51697.0,50606.0,48138.0,51499.0,36500.0,0.0,0.0,0.0
FURST Laurent,0.0,0.0,0.0,0.0,29401.0,29400.0,29389.0,14873.0,0.0,0.0,0.0
GAILLARD Olivier,0.0,47230.0,52279.0,54061.0,64521.0,102032.0,101225.0,57510.0,0.0,0.0,0.0
GAILLOT Albane,0.0,34592.0,40258.0,41028.0,48598.0,45730.0,45286.0,35445.0,0.0,0.0,0.0
GALLERNEAU Patricia,0.0,0.0,0.0,0.0,0.0,0.0,0.0,0.0,0.0,0.0,0.0
GARCIA Laurent,0.0,50244.0,57918.0,52278.0,111032.0,111789.0,116291.0,27987.0,0.0,0.0,0.0
GAROT Guillaume,0.0,0.0,31827.0,92412.0,31219.0,10368.0,15562.0,9225.0,0.0,0.0,0.0
GASSILLOUD Thomas,0.0,33092.0,33092.0,50079.0,125605.0,91220.0,70032.0,37148.0,0.0,0.0,0.0
GAULTIER Jean-Jacques,0.0,0.0,197033.0,165600.0,165052.0,184463.0,180250.0,26573.0,0.0,0.0,0.0
GAUVAIN Raphaël,0.0,153262.0,141151.0,209880.0,157915.0,197566.0,200153.0,90000.0,0.0,0.0,0.0
GAYTE Laurence,0.0,0.0,0.0,25647.0,23614.0,28659.0,30237.0,15000.0,0.0,0.0,0.0
GENETET Anne,0.0,0.0,3144.0,3190.0,13613.0,10692.0,7673.0,0.0,0.0,0.0,0.0
GENEVARD Annie,0.0,0.0,26796.0,50262.0,80033.0,80910.0,80527.0,47695.0,0.0,0.0,0.0
GÉRARD Raphaël,0.0,0.0,46803.0,79830.0,87204.0,78150.0,83813.0,38204.0,0.0,0.0,0.0
GIPSON Séverine,0.0,0.0,0.0,37457.0,41678.0,42631.0,43472.0,32586.0,0.0,0.0,0.0
GIRARDIN Éric,0.0,0.0,0.0,100000.0,80194.0,41581.0,27728.0,0.0,0.0,0.0,0.0
GIRAUD Joël,0.0,0.0,76598.0,78428.0,66064.0,58272.0,58972.0,29486.0,0.0,0.0,0.0
GIVERNET Olga,0.0,69975.0,62806.0,61658.0,57759.0,43185.0,34589.0,14113.0,0.0,0.0,0.0
GOASGUEN Claude,0.0,74327.0,75778.0,77383.0,75045.0,74231.0,73887.0,44227.0,0.0,0.0,0.0
GOMÈS Philippe,0.0,0.0,0.0,0.0,22458.0,97098.0,113230.0,68340.0,0.0,0.0,0.0
GOMEZ-BASSAC Valérie,0.0,0.0,67032.0,78972.0,83271.0,78385.0,72814.0,0.0,0.0,0.0,0.0
GOSSELIN Philippe,0.0,0.0,35368.0,35368.0,35368.0,31093.0,31484.0,30280.0,0.0,0.0,0.0
GOUFFIER-CHA Guillaume,0.0,0.0,9084.0,25570.0,32475.0,41664.0,61741.0,27264.0,0.0,0.0,0.0
GOULET Perrine,0.0,0.0,30222.0,44254.0,39634.0,42124.0,43792.0,24506.0,0.0,0.0,0.0
GOUTTEFARDE Fabien,0.0,26692.0,32098.0,30803.0,25654.0,34173.0,38043.0,19000.0,0.0,0.0,0.0
GRANDJEAN Carole,0.0,37548.0,37991.0,107823.0,62578.0,107289.0,42065.0,16357.0,0.0,0.0,0.0
GRANJUS Florence,0.0,74724.0,75159.0,76859.0,84226.0,81607.0,78152.0,63099.0,0.0,0.0,0.0
GRAU Romain,0.0,80000.0,92000.0,108000.0,138571.0,160269.0,105438.0,74442.0,0.0,0.0,0.0
GREGOIRE Olivia,0.0,52334.0,86863.0,144558.0,154544.0,261708.0,161758.0,84000.0,0.0,0.0,0.0
GRELIER Jean-Carles,0.0,96288.0,86014.0,80833.0,80785.0,88440.0,89070.0,41902.0,0.0,0.0,0.0
GUEREL Émilie,0.0,0.0,9857.0,29846.0,29479.0,29677.0,24133.0,8678.0,0.0,0.0,0.0
GUERINI Stanislas,0.0,0.0,0.0,27928.0,74920.0,85496.0,97055.0,44315.0,0.0,0.0,0.0
GUÉVENOUX Marie,0.0,60000.0,60000.0,60000.0,60000.0,38000.0,60000.0,19000.0,0.0,0.0,0.0
GUION-FIRMIN Claire,0.0,54181.0,59255.0,59775.0,64556.0,58658.0,60026.0,34375.0,0.0,0.0,0.0
HABIB David,0.0,0.0,0.0,0.0,0.0,0.0,0.0,0.0,0.0,0.0,0.0
HABIB Meyer,0.0,0.0,100000.0,45000.0,45000.0,45000.0,54000.0,29000.0,0.0,0.0,0.0
HAI Nadia,0.0,31731.0,29601.0,32691.0,34961.0,43418.0,34494.0,21760.0,0.0,0.0,0.0
HAMMERER Véronique,0.0,0.0,2100.0,2200.0,2200.0,2200.0,2500.0,2500.0,0.0,0.0,0.0
HAMMOUCHE Brahim,0.0,55839.0,57433.0,66339.0,69041.0,74708.0,78249.0,82286.0,0.0,0.0,0.0
HAURY Yannick,0.0,83127.0,93671.0,95881.0,97890.0,97026.0,96555.0,48214.0,0.0,0.0,0.0
HENNION Christine,0.0,129276.0,128887.0,125270.0,79008.0,227333.0,33089.0,47752.0,0.0,0.0,0.0
HENRIET Pierre,0.0,0.0,0.0,0.0,0.0,0.0,5833.0,1541.0,0.0,0.0,0.0
HERBILLON Michel,0.0,0.0,0.0,0.0,0.0,0.0,11318.0,0.0,0.0,0.0,0.0
HÉRIN Danièle,0.0,0.0,0.0,61000.0,76390.0,78473.0,88375.0,77819.0,0.0,0.0,0.0
HERTH Antoine,0.0,0.0,18680.0,599.0,6412.0,1445.0,279.0,0.0,0.0,0.0,0.0
HETZEL Patrick,0.0,0.0,49490.0,65666.0,65390.0,65077.0,64976.0,32000.0,0.0,0.0,0.0
HOLROYD Alexandre,0.0,8078.0,22452.0,26918.0,42916.0,56086.0,49833.0,0.0,0.0,0.0,0.0
HOUBRON Dimitri,0.0,0.0,0.0,0.0,0.0,1215.0,13003.0,5959.0,0.0,0.0,0.0
HOULIÉ Sacha,0.0,0.0,0.0,5000.0,40000.0,43000.0,46000.0,25000.0,0.0,0.0,0.0
HUPPÉ Philippe,0.0,12981.0,12972.0,12451.0,42380.0,51146.0,51176.0,22812.0,0.0,0.0,0.0
HUTIN Christian,0.0,0.0,13224.0,23422.0,18488.0,19292.0,17741.0,0.0,0.0,0.0,0.0
HUYGHE Sébastien,0.0,0.0,0.0,0.0,0.0,0.0,28204.0,17931.0,0.0,0.0,0.0
IBORRA Monique,0.0,0.0,0.0,0.0,0.0,0.0,0.0,0.0,0.0,0.0,0.0
ISAAC-SIBILLE Cyrille,0.0,204200.0,205236.0,205336.0,205436.0,211536.0,211636.0,84936.0,40936.0,0.0,0.0
JACOB Christian,0.0,0.0,34613.0,67126.0,93755.0,94423.0,90407.0,44196.0,0.0,0.0,0.0
JACQUES Jean-Michel,0.0,0.0,27284.0,29488.0,23427.0,19293.0,33890.0,13087.0,0.0,0.0,0.0
JACQUIER-LAFORGE Élodie,0.0,38183.0,41054.0,43386.0,42983.0,45015.0,50804.0,20064.0,0.0,0.0,0.0
JANVIER Caroline,0.0,25571.0,27422.0,29811.0,46940.0,29111.0,30544.0,15732.0,0.0,0.0,0.0
JERRETIE Christophe,0.0,22000.0,22000.0,24895.0,41065.0,39999.0,38471.0,20538.0,0.0,0.0,0.0
JOLIVET François,0.0,0.0,110607.0,115033.0,119961.0,151351.0,266238.0,191190.0,0.0,0.0,0.0
JONCOUR Bruno,0.0,0.0,0.0,0.0,67469.0,72870.0,72880.0,38945.0,0.0,0.0,0.0
JOSSO Sandrine,0.0,0.0,21017.0,18120.0,18720.0,22327.0,19176.0,365.0,0.0,0.0,0.0
JUANICO Régis,0.0,0.0,42000.0,84000.0,84000.0,84000.0,84000.0,42000.0,0.0,0.0,0.0
JULIEN-LAFERRIÈRE Hubert,0.0,4800.0,14400.0,14400.0,42548.0,44387.0,49787.0,16632.0,0.0,0.0,0.0
JUMEL Sébastien,0.0,111308.0,110985.0,108009.0,107685.0,76569.0,90237.0,38831.0,0.0,0.0,0.0
KAMARDINE Mansour,0.0,0.0,0.0,0.0,39945.0,23841.0,29968.0,52631.0,48362.0,0.0,0.0
KAMOWSKI Catherine,0.0,0.0,91080.0,90922.0,84210.0,81568.0,82286.0,41390.0,0.0,0.0,0.0
KARAMANLI Marietta,0.0,0.0,76144.0,73049.0,72998.0,72684.0,70380.0,34477.0,0.0,0.0,0.0
KASBARIAN Guillaume,0.0,0.0,49976.0,51347.0,58975.0,60149.0,71414.0,40286.0,0.0,0.0,0.0
KÉCLARD-MONDÉSIR Manuéla,0.0,0.0,0.0,0.0,38400.0,53800.0,40800.0,40800.0,22200.0,0.0,0.0
KERBARH Stéphanie,0.0,22225.0,28051.0,27809.0,26224.0,21188.0,10795.0,11264.0,0.0,0.0,0.0
KERLOGOT Yannick,0.0,0.0,37798.0,33347.0,34831.0,44750.0,36655.0,15373.0,0.0,0.0,0.0
KERVRAN Loïc,0.0,30406.0,43703.0,49487.0,51339.0,58746.0,70223.0,54534.0,0.0,0.0,0.0
KHATTABI Fadila,0.0,16250.0,16900.0,17550.0,18200.0,18850.0,13780.0,8630.0,0.0,0.0,0.0
KHEDHER Anissa,0.0,0.0,13876.0,25460.0,26866.0,28682.0,28897.0,13913.0,0.0,0.0,0.0
KOKOUENDO Rodrigue,0.0,0.0,0.0,42044.0,38855.0,43466.0,45000.0,24720.0,0.0,0.0,0.0
KRABAL Jacques,0.0,0.0,63346.0,50262.0,50006.0,49680.0,50000.0,25000.0,0.0,0.0,0.0
KRIMI Sonia,0.0,0.0,0.0,35600.0,43226.0,53356.0,57115.0,22982.0,0.0,0.0,0.0
KURIC Aina,0.0,0.0,0.0,0.0,0.0,12600.0,21600.0,12600.0,0.0,0.0,0.0
KUSTER Brigitte,0.0,0.0,0.0,0.0,50370.0,80315.0,83231.0,30366.0,0.0,0.0,0.0
LAABID Mustapha,0.0,24983.0,27358.0,32453.0,32185.0,36843.0,33211.0,20906.0,0.0,0.0,0.0
LABARONNE Daniel,0.0,52681.0,55880.0,75096.0,83570.0,83135.0,86772.0,37640.0,0.0,0.0,0.0
LACHAUD Bastien,0.0,26518.0,30229.0,29337.0,29459.0,20243.0,19000.0,10815.0,0.0,0.0,0.0
LACROUTE Valérie,0.0,0.0,1497.0,1497.0,22649.0,22377.0,22460.0,8203.0,0.0,0.0,0.0
LAGARDE Jean-Christophe,0.0,0.0,0.0,0.0,33960.0,39113.0,39230.0,28436.0,0.0,0.0,0.0
LAGLEIZE Jean-Luc,0.0,0.0,43810.0,47210.0,62864.0,82422.0,81832.0,0.0,0.0,0.0,0.0
LAINÉ Fabien,0.0,44420.0,145870.0,97380.0,86623.0,69300.0,102689.0,71800.0,0.0,0.0,0.0
LAKRAFI Amélia,0.0,30000.0,30000.0,30000.0,30000.0,22000.0,0.0,0.0,0.0,0.0,0.0
LAMBERT François-Michel,0.0,35660.0,11033.0,0.0,0.0,0.0,0.0,0.0,0.0,0.0,0.0
LAMBERT Jérôme,0.0,0.0,0.0,0.0,0.0,0.0,0.0,0.0,0.0,0.0,0.0
LANG Anne-Christine,0.0,87780.0,87780.0,87780.0,79120.0,25000.0,25000.0,25000.0,0.0,0.0,0.0
LAQHILA Mohamed,0.0,0.0,119448.0,135146.0,146535.0,125680.0,102512.0,0.0,0.0,0.0,0.0
LARDET Frédérique,0.0,122753.0,121430.0,130432.0,149987.0,138057.0,167884.0,0.0,0.0,0.0,0.0
LARIVE Michel,0.0,0.0,9851.0,5852.0,12330.0,3929.0,3847.0,0.0,0.0,0.0,0.0
LARRIVÉ Guillaume,0.0,0.0,0.0,0.0,0.0,0.0,0.0,0.0,0.0,0.0,0.0
LARSONNEUR Jean-Charles,0.0,22758.0,33883.0,35351.0,37649.0,38184.0,12885.0,7458.0,0.0,0.0,0.0
LASSALLE Jean,0.0,0.0,0.0,0.0,0.0,0.0,0.0,0.0,0.0,0.0,0.0
LASSERRE-DAVID Florence,0.0,0.0,0.0,0.0,0.0,0.0,0.0,0.0,0.0,0.0,0.0
LATOMBE Philippe,0.0,47000.0,47000.0,47000.0,48000.0,50000.0,50000.0,26000.0,0.0,0.0,0.0
LAUZZANA Michel,0.0,24202.0,95900.0,86323.0,89603.0,97397.0,80401.0,9937.0,0.0,0.0,0.0
LAVERGNE Pascal,0.0,0.0,0.0,0.0,24000.0,24000.0,24000.0,24000.0,24000.0,0.0,0.0
LAZAAR Fiona,0.0,29435.0,26234.0,24322.0,34983.0,35003.0,21257.0,15761.0,0.0,0.0,0.0
LE BOHEC Gaël,0.0,55262.0,60811.0,68688.0,69728.0,14499.0,493.0,0.0,0.0,0.0,0.0
LE FEUR Sandrine,0.0,0.0,0.0,0.0,0.0,13057.0,11913.0,8599.0,0.0,0.0,0.0
LE GENDRE Gilles,0.0,72519.0,62500.0,62539.0,65527.0,69627.0,63291.0,41996.0,0.0,0.0,0.0
LE MEUR Annaïg,0.0,13651.0,10444.0,19786.0,35363.0,17175.0,12278.0,0.0,0.0,0.0,0.0
LE PEIH Nicole,0.0,29854.0,35777.0,40370.0,52536.0,59238.0,65004.0,22013.0,0.0,0.0,0.0
LEBEC Marie,0.0,0.0,0.0,0.0,4120.0,24724.0,22924.0,11599.0,0.0,0.0,0.0
LECLABART Jean-Claude,0.0,37014.0,43667.0,46534.0,56823.0,57533.0,47650.0,0.0,0.0,0.0,0.0
LECLERC Sébastien,0.0,0.0,132162.0,125006.0,146160.0,162452.0,169592.0,74264.0,0.0,0.0,0.0
LECOCQ Charlotte,0.0,25850.0,2700.0,3300.0,29605.0,40600.0,40500.0,22400.0,0.0,0.0,0.0
LECOQ Jean-Paul,0.0,0.0,37048.0,71784.0,71784.0,93960.0,101760.0,51331.0,2519.0,0.0,0.0
LEDOUX Vincent,0.0,0.0,0.0,0.0,0.0,41059.0,22167.0,13093.0,0.0,0.0,0.0
LE FUR Marc,0.0,0.0,0.0,0.0,0.0,1064.0,21648.0,19375.0,21509.0,0.0,0.0
LE GAC Didier,0.0,34400.0,34400.0,34400.0,34400.0,39400.0,44400.0,44400.0,0.0,0.0,0.0
LE GRIP Constance,0.0,0.0,0.0,0.0,75848.0,75925.0,78094.0,39668.0,0.0,0.0,0.0
LEGUILLE-BALLOY Martine,0.0,66223.0,57843.0,47166.0,38322.0,71387.0,58669.0,18000.0,0.0,0.0,0.0
LEJEUNE Christophe,0.0,0.0,-22333.0,-4917.0,19268.0,24353.0,33783.0,6942.0,0.0,0.0,0.0
LEMOINE Patricia,0.0,0.0,0.0,0.0,30791.0,30791.0,30884.0,31305.0,28739.0,7312.0,0.0
LENNE Marion,0.0,2551.0,20079.0,30938.0,10895.0,0.0,0.0,8305.0,0.0,0.0,0.0
LE PEN Marine,0.0,80476.0,80475.0,82250.0,25798.0,118002.0,118012.0,46793.0,0.0,0.0,0.0
LEROY Maurice,0.0,0.0,0.0,0.0,0.0,0.0,0.0,0.0,0.0,0.0,0.0
LESCURE Roland,0.0,0.0,884335.0,1324767.0,1185553.0,1273064.0,1778523.0,3722196.0,0.0,0.0,0.0
LETCHIMY Serge,0.0,0.0,0.0,0.0,0.0,0.0,0.0,0.0,0.0,0.0,0.0
LE VIGOUREUX Fabrice,0.0,0.0,60310.0,73393.0,65087.0,71135.0,80005.0,33961.0,0.0,0.0,0.0
LEVY Geneviève,0.0,0.0,0.0,0.0,21142.0,20229.0,20425.0,17382.0,0.0,0.0,0.0
LIMON Monique,0.0,0.0,38720.0,38192.0,38354.0,11438.0,5096.0,3822.0,0.0,0.0,0.0
LIOGER Richard,0.0,55000.0,55500.0,56000.0,93050.0,93650.0,94000.0,93400.0,0.0,0.0,0.0
LISO Brigitte,0.0,0.0,7500.0,30000.0,12500.0,0.0,6000.0,4500.0,0.0,0.0,0.0
LORHO Marie-France,0.0,46953.0,43674.0,51062.0,49546.0,43064.0,50546.0,42642.0,0.0,0.0,0.0
LORION David,0.0,8500.0,9300.0,9100.0,27100.0,58200.0,58100.0,88402.0,0.0,0.0,0.0
LOUIS Alexandra,0.0,0.0,5132.0,21300.0,28872.0,33167.0,8843.0,7000.0,0.0,0.0,0.0
LOUWAGIE Véronique,0.0,234434.0,189684.0,200689.0,117149.0,120348.0,127079.0,28579.0,0.0,0.0,0.0
LUQUET Aude,0.0,0.0,8400.0,36400.0,14900.0,33800.0,43000.0,23800.0,0.0,0.0,0.0
LURTON Gilles,0.0,4126.0,52048.0,86727.0,73812.0,65749.0,65151.0,38626.0,1056.0,619.0,0.0
MAGNE Marie-Ange,0.0,0.0,9644.0,15107.0,10418.0,16507.0,20063.0,5571.0,0.0,0.0,0.0
MAGNIER Lise,0.0,31980.0,39609.0,30395.0,41899.0,34350.0,36077.0,23624.0,0.0,0.0,0.0
MAILLARD Sylvain,0.0,30000.0,30000.0,30000.0,39600.0,44400.0,42000.0,30000.0,0.0,0.0,0.0
MAILLART-MÉHAIGNERIE Laurence,0.0,755.0,843.0,13664.0,14803.0,31492.0,32458.0,18490.0,0.0,0.0,0.0
MAIRE Jacques,0.0,0.0,771463.0,85914.0,88379.0,178290.0,227337.0,37334.0,0.0,0.0,0.0
MANIN Josette,0.0,0.0,0.0,0.0,0.0,0.0,0.0,0.0,0.0,0.0,0.0
MAQUET Emmanuel,0.0,0.0,74454.0,73642.0,86886.0,82252.0,103659.0,47814.0,0.0,0.0,0.0
MAQUET Jacqueline,18000.0,21600.0,21600.0,21600.0,21600.0,21600.0,0.0,0.0,0.0,0.0,0.0
MARILOSSIAN Jacques,0.0,150144.0,130409.0,151722.0,131603.0,123129.0,125383.0,252067.0,0.0,0.0,0.0
MARLEIX Olivier,0.0,0.0,11658.0,6540.0,24333.0,24261.0,24055.0,12396.0,0.0,0.0,0.0
MARLIN Franck,0.0,19200.0,18636.0,16424.0,21784.0,20399.0,19805.0,12481.0,0.0,0.0,0.0
MARSAUD Sandra,0.0,37734.0,38224.0,39439.0,23181.0,19757.0,27796.0,13085.0,0.0,0.0,0.0
MARTIN Didier,0.0,0.0,93107.0,93639.0,119690.0,132080.0,118316.0,49655.0,0.0,0.0,0.0
MASSÉGLIA Denis,0.0,31647.0,32300.0,36620.0,36275.0,36361.0,37845.0,22062.0,0.0,0.0,0.0
MASSON Jean-Louis,0.0,0.0,0.0,0.0,48253.0,73251.0,76159.0,48160.0,0.0,0.0,0.0
MATHIASIN Max,0.0,0.0,0.0,58800.0,58800.0,58800.0,67200.0,37800.0,0.0,0.0,0.0
MATRAS Fabien,0.0,0.0,20000.0,20000.0,39000.0,31100.0,31100.0,22200.0,0.0,0.0,0.0
MATTEI Jean-Paul,0.0,3166.0,226516.0,211089.0,165591.0,195156.0,161919.0,130684.0,131489.0,0.0,0.0
MAUBORGNE Sereine,0.0,79150.0,54741.0,54746.0,61805.0,61805.0,64780.0,0.0,0.0,0.0,0.0
MAZARS Stéphane,0.0,111778.0,87676.0,69163.0,127858.0,112351.0,185418.0,19650.0,0.0,0.0,0.0
MBAYE Jean François,0.0,25535.0,27809.0,27647.0,28523.0,25456.0,27014.0,14101.0,0.0,0.0,0.0
MELCHIOR Graziella,0.0,0.0,0.0,0.0,0.0,0.0,33528.0,16620.0,0.0,0.0,0.0
MÉLENCHON Jean-Luc,0.0,100182.0,100182.0,100182.0,100182.0,100182.0,100182.0,50091.0,0.0,0.0,0.0
MÉNARD Emmanuelle,0.0,44237.0,21243.0,0.0,31460.0,40650.0,60364.0,29587.0,0.0,0.0,0.0
MENDES Ludovic,0.0,0.0,4000.0,11000.0,8500.0,3600.0,23500.0,18000.0,0.0,0.0,0.0
MENUEL Gérard,0.0,0.0,0.0,0.0,39762.0,79536.0,76011.0,43130.0,0.0,0.0,0.0
MESNIER Thomas,0.0,0.0,17384.0,37296.0,44230.0,56906.0,62559.0,37699.0,0.0,0.0,0.0
METTE Sophie,0.0,0.0,0.0,15225.0,18270.0,18270.0,0.0,0.0,2709.0,0.0,0.0
MEUNIER Frédérique,0.0,0.0,19735.0,30722.0,56920.0,68658.0,71032.0,35544.0,0.0,0.0,0.0
MEYNIER-MILLEFERT Marjolaine,0.0,0.0,18362.0,15131.0,20288.0,24217.0,48354.0,18993.0,0.0,0.0,0.0
MICHEL Monica,0.0,112000.0,113000.0,115000.0,118000.0,120000.0,125000.0,65000.0,0.0,0.0,0.0
MICHEL-KLEISBAUER Philippe,0.0,0.0,12000.0,1526.0,1486.0,1863.0,4332.0,0.0,0.0,0.0,0.0
MICHELS Thierry,0.0,129236.0,102257.0,110531.0,111540.0,109141.0,115163.0,62996.0,0.0,0.0,0.0
MIGNOLA Patrick,0.0,140808.0,158316.0,191471.0,242250.0,188042.0,255769.0,113555.0,0.0,0.0,0.0
MILLIENNE Bruno,0.0,102333.0,100006.0,102515.0,108173.0,108649.0,145469.0,79462.0,0.0,0.0,0.0
MINOT Maxime,0.0,15595.0,16255.0,16849.0,27132.0,30313.0,36591.0,17641.0,0.0,0.0,0.0
MIRALLÈS Patricia,0.0,20000.0,20000.0,20000.0,20000.0,40200.0,45600.0,18830.0,0.0,0.0,0.0
MIS Jean-Michel,0.0,41050.0,42094.0,42808.0,43799.0,44559.0,45776.0,23499.0,0.0,0.0,0.0
MOLAC Paul,0.0,0.0,34701.0,65574.0,65253.0,64616.0,85142.0,46372.0,0.0,0.0,0.0
MÖRCH Sandrine,0.0,0.0,35000.0,40000.0,44362.0,60057.0,54694.0,13832.0,0.0,0.0,0.0
MOREAU Jean-Baptiste,0.0,12000.0,18200.0,24600.0,25200.0,25500.0,24500.0,12100.0,0.0,0.0,0.0
MOREL-À-L'HUISSIER Pierre,0.0,0.0,-2297.0,-2336.0,0.0,0.0,0.0,0.0,0.0,0.0,0.0
MORENAS Adrien,0.0,0.0,0.0,9621.0,0.0,11360.0,0.0,7700.0,0.0,0.0,0.0
MOTIN Cendra,0.0,0.0,25000.0,28000.0,29000.0,30000.0,45900.0,35800.0,0.0,0.0,0.0
MOUTCHOU Naïma,0.0,51600.0,60000.0,72500.0,88000.0,96000.0,96000.0,36000.0,0.0,0.0,0.0
MUSCHOTTI Cécile,0.0,0.0,6767.0,20106.0,21279.0,14168.0,9034.0,16744.0,0.0,0.0,0.0
NADOT Sébastien,0.0,0.0,0.0,0.0,15571.0,36061.0,32687.0,20100.0,0.0,0.0,0.0
NAEGELEN Christophe,0.0,0.0,0.0,91419.0,82770.0,109702.0,138827.0,141397.0,143340.0,157528.0,0.0
NILOR Jean-Philippe,0.0,0.0,0.0,0.0,0.0,0.0,28341.0,12755.0,0.0,0.0,0.0
NOGAL Mickaël,0.0,0.0,2715.0,13338.0,32993.0,22810.0,45000.0,7575.0,0.0,0.0,0.0
NURY Jérôme,0.0,0.0,0.0,0.0,35400.0,62474.0,62000.0,30942.0,0.0,0.0,0.0
O Delphine,0.0,0.0,0.0,0.0,0.0,0.0,0.0,0.0,0.0,0.0,0.0
O'PETIT Claire,0.0,0.0,13840.0,13431.0,14177.0,14949.0,13988.0,0.0,0.0,0.0,0.0
OBONO Danièle,0.0,0.0,0.0,0.0,5604.0,25929.0,21442.0,10885.0,0.0,0.0,0.0
OPPELT Valérie,0.0,24227.0,30495.0,31847.0,40853.0,34631.0,0.0,0.0,0.0,0.0,0.0
ORPHELIN Matthieu,0.0,38395.0,39757.0,54060.0,46098.0,59571.0,71173.0,30455.0,0.0,0.0,0.0
OSSON Catherine,0.0,0.0,30000.0,30000.0,34851.0,54900.0,63412.0,32650.0,0.0,0.0,0.0
PAHUN Jimmy,0.0,61050.0,52400.0,0.0,0.0,23480.0,32890.0,7660.0,0.0,0.0,0.0
PAJOT Ludovic,0.0,0.0,0.0,0.0,0.0,15396.0,30532.0,14854.0,0.0,0.0,0.0
PALUSZKIEWICZ Xavier,0.0,0.0,38000.0,38900.0,40180.0,57400.0,58600.0,30500.0,0.0,0.0,0.0
PANCHER Bertrand,0.0,0.0,25313.0,91471.0,114753.0,120162.0,118427.0,53723.0,0.0,0.0,0.0
PANONACLE Sophie,0.0,13575.0,13575.0,17581.0,2683.0,0.0,0.0,0.0,0.0,0.0,0.0
PANOT Mathilde,0.0,0.0,0.0,0.0,15200.0,22800.0,20800.0,10200.0,0.0,0.0,0.0
PARIGI Jean-François,0.0,155692.0,155692.0,155692.0,220530.0,254596.0,186188.0,93092.0,0.0,0.0,0.0
PARIS Didier,0.0,187500.0,188400.0,197000.0,201573.0,234500.0,240800.0,161300.0,0.0,0.0,0.0
PARK Zivka,0.0,40500.0,41300.0,42800.0,42800.0,45823.0,45823.0,46877.0,0.0,0.0,0.0
PAUGET Éric,0.0,38280.0,38192.0,57136.0,83498.0,112532.0,94912.0,46728.0,0.0,0.0,0.0
PAU-LANGEVIN George,0.0,0.0,1266.0,75897.0,73349.0,72004.0,53021.0,0.0,0.0,0.0,0.0
PELLOIS Hervé,0.0,0.0,32541.0,29113.0,7856.0,0.0,0.0,0.0,0.0,0.0,0.0
PELTIER Guillaume,0.0,0.0,0.0,28500.0,167179.0,126724.0,199284.0,160290.0,0.0,0.0,0.0
PEREA Alain,0.0,0.0,61067.0,63895.0,82891.0,89609.0,90496.0,45573.0,0.0,0.0,0.0
PERROT Patrice,0.0,47723.0,129819.0,159188.0,140095.0,163891.0,171555.0,29700.0,0.0,0.0,0.0
PERRUT Bernard,0.0,0.0,0.0,0.0,26197.0,27474.0,27250.0,14683.0,0.0,0.0,0.0
PERSON Pierre,0.0,0.0,0.0,0.0,7800.0,15500.0,35200.0,14601.0,0.0,0.0,0.0
PETEL Anne-Laurence,0.0,39887.0,41355.0,43159.0,43850.0,44583.0,44647.0,17581.0,0.0,0.0,0.0
PETIT Frédéric,0.0,94120.0,105360.0,106180.0,118410.0,163220.0,319660.0,0.0,0.0,0.0,0.0
PETIT Maud,0.0,0.0,0.0,6100.0,27309.0,29965.0,30713.0,13877.0,0.0,0.0,0.0
PETIT Valérie,0.0,56297.0,63333.0,50933.0,51902.0,56068.0,45669.0,47932.0,0.0,0.0,0.0
PEU Stéphane,0.0,0.0,42008.0,42008.0,42008.0,42008.0,42008.0,19666.0,0.0,0.0,0.0
PEYROL Bénédicte,0.0,0.0,0.0,6971.0,24573.0,16336.0,30028.0,23251.0,0.0,0.0,0.0
PEYRON Michèle,0.0,0.0,0.0,0.0,0.0,26600.0,37200.0,25000.0,0.0,0.0,0.0
PICHEREAU Damien,0.0,0.0,11796.0,21144.0,19634.0,22974.0,20433.0,7176.0,0.0,0.0,0.0
PIETRASZEWSKI Laurent,0.0,0.0,0.0,0.0,0.0,0.0,0.0,0.0,0.0,0.0,0.0
PINEL Sylvia,0.0,0.0,16576.0,73156.0,72685.0,72004.0,51800.0,21965.0,0.0,0.0,0.0
PIRES BEAUNE Christine,0.0,54879.0,53536.0,0.0,0.0,0.0,0.0,0.0,0.0,0.0,0.0
PIRON Béatrice,0.0,0.0,18000.0,24000.0,27000.0,34000.0,34000.0,13349.0,0.0,0.0,0.0
PITOLLAT Claire,0.0,0.0,34314.0,39264.0,63004.0,53513.0,53597.0,31204.0,0.0,0.0,0.0
POLETTI Bérengère,0.0,26500.0,26500.0,26500.0,26500.0,21624.0,21614.0,13567.0,22984.0,7639.0,0.0
POMPILI Barbara,0.0,0.0,0.0,0.0,0.0,0.0,85506.0,39511.0,0.0,0.0,0.0
PONT Jean-Pierre,0.0,98327.0,86157.0,87547.0,82933.0,91326.0,92521.0,19580.0,0.0,0.0,0.0
PORTARRIEU Jean-François,0.0,0.0,0.0,0.0,54000.0,54000.0,57600.0,33600.0,0.0,0.0,0.0
POTIER Dominique,0.0,0.0,0.0,0.0,0.0,0.0,0.0,0.0,0.0,0.0,0.0
POTTERIE Benoit,0.0,74249.0,149850.0,217001.0,151753.0,117968.0,136320.0,70000.0,42000.0,0.0,0.0
POUDROUX Jean-Luc,0.0,0.0,0.0,0.0,360.0,360.0,360.0,320.0,0.0,0.0,0.0
POUEYTO Josy,0.0,0.0,25000.0,25232.0,45888.0,74116.0,75947.0,36663.0,0.0,0.0,0.0
POULLIAT Éric,0.0,0.0,0.0,0.0,25867.0,23773.0,24368.0,13932.0,0.0,0.0,0.0
POUZYREFF Natalia,0.0,0.0,0.0,0.0,18997.0,13115.0,15513.0,12100.0,0.0,0.0,0.0
PRADIÉ Aurélien,0.0,0.0,27607.0,49998.0,60217.0,59228.0,64708.0,43435.0,0.0,0.0,0.0
PROVENDIER Florence,0.0,0.0,0.0,62621.0,67647.0,62976.0,65644.0,83796.0,40532.0,0.0,0.0
PRUD'HOMME Loïc,0.0,0.0,23393.0,24498.0,20428.0,20273.0,20358.0,12531.0,0.0,0.0,0.0
PUEYO Joaquim,0.0,0.0,42405.0,74113.0,73857.0,74053.0,73677.0,46541.0,0.0,0.0,0.0
PUPPONI François,0.0,0.0,0.0,0.0,22592.0,22526.0,21924.0,28001.0,20048.0,0.0,0.0
QUATENNENS Adrien,0.0,0.0,15206.0,20977.0,25021.0,22024.0,21696.0,11497.0,0.0,0.0,0.0
QUENTIN Didier,0.0,0.0,30391.0,55010.0,67775.0,67628.0,67300.0,33660.0,0.0,0.0,0.0
QUESTEL Bruno,0.0,58300.0,58300.0,60900.0,60600.0,57500.0,54000.0,42000.0,21000.0,0.0,0.0
RABAULT Valérie,0.0,0.0,35182.0,67322.0,67666.0,64791.0,64711.0,35000.0,0.0,0.0,0.0
RACON-BOUZON Cathy,0.0,0.0,19452.0,22231.0,22388.0,44088.0,53595.0,15580.0,0.0,0.0,0.0
RAMADIER Alain,0.0,39519.0,41445.0,42720.0,58768.0,64911.0,84196.0,67057.0,0.0,0.0,0.0
RAMASSAMY Nadia,0.0,0.0,0.0,0.0,0.0,4401.0,300445.0,10974.0,0.0,0.0,0.0
RAMOS Richard,0.0,8083.0,7422.0,5972.0,2142.0,40899.0,40628.0,26600.0,0.0,0.0,0.0
RAPHAN Pierre-Alain,0.0,0.0,0.0,49543.0,55599.0,40358.0,111566.0,30000.0,0.0,0.0,0.0
RATENON Jean-Hugues,0.0,0.0,0.0,0.0,5224.0,13305.0,13699.0,6934.0,0.0,0.0,0.0
RAUCH Isabelle,0.0,46949.0,49255.0,47231.0,34772.0,52128.0,51237.0,20789.0,0.0,0.0,0.0
REBEYROTTE Rémy,0.0,73200.0,78000.0,94344.0,94344.0,108720.0,78000.0,78000.0,0.0,0.0,0.0
REDA Robin,0.0,0.0,0.0,0.0,12527.0,19787.0,54349.0,37664.0,0.0,0.0,0.0
REISS Frédéric,0.0,0.0,0.0,0.0,0.0,0.0,0.0,0.0,0.0,0.0,0.0
REITZER Jean-Luc,0.0,0.0,40360.0,69207.0,92867.0,97170.0,96907.0,50377.0,0.0,0.0,0.0
RENSON Hugues,0.0,0.0,77500.0,106296.0,130176.0,128713.0,137246.0,104187.0,0.0,0.0,0.0
RESSIGUIER Muriel,0.0,18879.0,19280.0,20561.0,18841.0,21289.0,44701.0,21286.0,0.0,0.0,0.0
REYNÈS Bernard,0.0,0.0,26755.0,27830.0,31024.0,32465.0,32151.0,5999.0,0.0,0.0,0.0
RILHAC Cécile,0.0,34895.0,34305.0,40159.0,40853.0,41326.0,42700.0,22600.0,0.0,0.0,0.0
RIOTTON Véronique,0.0,33549.0,33071.0,34187.0,34107.0,23170.0,21600.0,10800.0,0.0,0.0,0.0
RIST Stéphanie,0.0,64625.0,68300.0,69255.0,78183.0,78167.0,68877.0,61320.0,0.0,0.0,0.0
RIXAIN Marie-Pierre,0.0,45427.0,72550.0,96341.0,148780.0,99827.0,19863.0,31039.0,0.0,0.0,0.0
ROBERT Mireille,0.0,0.0,31942.0,32910.0,33074.0,33304.0,35696.0,17328.0,0.0,0.0,0.0
ROLLAND Vincent,0.0,91185.0,87007.0,81306.0,111169.0,113421.0,116543.0,63896.0,0.0,0.0,0.0
ROMEIRO DIAS Laëtitia,0.0,2500.0,2500.0,3000.0,3000.0,3500.0,3500.0,3500.0,0.0,0.0,0.0
ROSEREN Xavier,0.0,28200.0,28000.0,29000.0,52590.0,62450.0,59450.0,38390.0,0.0,0.0,0.0
ROSSI Laurianne,0.0,0.0,13095.0,48986.0,45288.0,48980.0,40833.0,19940.0,0.0,0.0,0.0
ROUILLARD Gwendal,0.0,0.0,0.0,0.0,2440.0,2440.0,2440.0,2440.0,0.0,0.0,0.0
ROUSSEL Cédric,0.0,42910.0,44508.0,45055.0,39317.0,46374.0,50310.0,22303.0,0.0,0.0,0.0
ROUSSEL Fabien,0.0,0.0,16900.0,36000.0,42030.0,48269.0,49631.0,6050.0,0.0,0.0,0.0
RUBIN Sabine,0.0,0.0,0.0,36329.0,32045.0,31941.0,31905.0,48800.0,0.0,0.0,0.0
RUDIGOZ Thomas,0.0,0.0,8806.0,4696.0,30910.0,69642.0,70420.0,35617.0,0.0,0.0,0.0
RUFFIN François,0.0,0.0,0.0,13891.0,52481.0,0.0,37804.0,83566.0,150070.0,0.0,0.0
RUPIN Pacôme,0.0,0.0,3666.0,1750.0,25374.0,16100.0,29469.0,19372.0,0.0,0.0,0.0
SADDIER Martial,0.0,0.0,48445.0,48471.0,47958.0,47307.0,45980.0,36694.0,0.0,0.0,0.0
SAGE Maina,0.0,0.0,0.0,0.0,0.0,0.0,0.0,0.0,0.0,0.0,0.0
SAINT-MARTIN Laurent,0.0,0.0,34000.0,52000.0,54000.0,62000.0,142000.0,80000.0,0.0,0.0,0.0
SAINT-PAUL Laetitia,0.0,0.0,35000.0,35000.0,35000.0,18000.0,35000.0,18000.0,0.0,0.0,0.0
SANQUER Nicole,0.0,45252.0,45252.0,50615.0,60336.0,75019.0,75019.0,112956.0,134112.0,0.0,0.0
SARLES Nathalie,0.0,12000.0,35520.0,35520.0,19700.0,14000.0,16000.0,8000.0,0.0,0.0,0.0
SAULIGNAC Hervé,0.0,44705.0,78667.0,103225.0,104488.0,103133.0,97653.0,48109.0,0.0,0.0,0.0
SAVATIER Jacques,0.0,0.0,202245.0,206917.0,214430.0,247132.0,248979.0,0.0,0.0,0.0,0.0
SAVIGNAT Antoine,0.0,0.0,0.0,35040.0,55391.0,53733.0,128001.0,16504.0,1531.0,0.0,0.0
SCHELLENBERGER Raphaël,0.0,0.0,0.0,10000.0,37800.0,46500.0,51000.0,25200.0,0.0,0.0,0.0
SEMPASTOUS Jean-Bernard,0.0,41045.0,44294.0,67572.0,76819.0,73140.0,72393.0,35348.0,0.0,0.0,0.0
SERMIER Jean-Marie,0.0,26334.0,26233.0,23791.0,27542.0,27779.0,27191.0,12828.0,0.0,0.0,0.0
SERVA Olivier,0.0,170000.0,180000.0,192000.0,194400.0,198500.0,211500.0,161500.0,0.0,0.0,0.0
SERVILLE Gabriel,0.0,0.0,29101.0,68160.0,86403.0,95520.0,95928.0,67658.0,0.0,0.0,0.0
SIMIAN Benoit,0.0,2264.0,30150.0,32679.0,51744.0,40046.0,60220.0,25627.0,0.0,0.0,0.0
SOLÈRE Thierry,0.0,0.0,303435.0,308885.0,126255.0,125822.0,160392.0,193905.0,15286.0,0.0,0.0
SOMMER Denis,0.0,70389.0,70234.0,68105.0,65294.0,61860.0,59753.0,25200.0,0.0,0.0,0.0
SON-FORGET Joachim,0.0,107742.0,74815.0,79797.0,81403.0,112710.0,130245.0,60733.0,36200.0,0.0,0.0
SORRE Bertrand,0.0,46182.0,45656.0,47541.0,45582.0,59361.0,46498.0,15072.0,0.0,0.0,0.0
STRAUMANN Éric,0.0,0.0,127350.0,125691.0,123431.0,161589.0,164125.0,84622.0,0.0,0.0,0.0
STUDER Bruno,0.0,23807.0,20396.0,10738.0,34187.0,34785.0,35646.0,17500.0,0.0,0.0,0.0
SYLLA Sira,0.0,0.0,0.0,0.0,26599.0,40853.0,53373.0,21981.0,0.0,0.0,0.0
TABAROT Michèle,0.0,0.0,0.0,0.0,28184.0,30273.0,27893.0,15086.0,5273.0,0.0,0.0
TACHÉ Aurélien,0.0,0.0,27725.0,27098.0,33467.0,63244.0,71401.0,30000.0,0.0,0.0,0.0
TAMARELLE-VERHAEGHE Marie,0.0,54000.0,54000.0,54000.0,54000.0,84000.0,84000.0,52500.0,0.0,0.0,0.0
TAN Buon,0.0,14633.0,101079.0,83878.0,92170.0,84425.0,84013.0,50716.0,0.0,0.0,0.0
TANGUY Liliana,0.0,48527.0,54241.0,55367.0,51124.0,49593.0,50830.0,23295.0,0.0,0.0,0.0
TAQUET Adrien,0.0,0.0,715.0,91566.0,216713.0,348000.0,362630.0,299644.0,142082.0,9480.0,0.0
TAUGOURDEAU Jean-Charles,0.0,0.0,57709.0,112167.0,105661.0,102408.0,102408.0,50477.0,0.0,0.0,0.0
TAURINE Bénédicte,0.0,1760.0,1820.0,1820.0,1820.0,1860.0,1860.0,1860.0,0.0,0.0,0.0
TEISSIER Guy,0.0,0.0,0.0,0.0,26859.0,27257.0,25879.0,14450.0,0.0,0.0,0.0
TERLIER Jean,0.0,57097.0,60198.0,61976.0,51181.0,55352.0,59643.0,21600.0,0.0,0.0,0.0
TESTÉ Stéphane,0.0,0.0,0.0,0.0,0.0,0.0,52029.0,20163.0,0.0,0.0,0.0
THIÉBAUT Vincent,0.0,13149.0,37133.0,42809.0,41263.0,46895.0,49037.0,20772.0,0.0,0.0,0.0
THIÉRIOT Jean-Louis,0.0,0.0,30650.0,28780.0,31760.0,56560.0,65950.0,55026.0,39380.0,0.0,0.0
THILL Agnès,0.0,0.0,17300.0,35401.0,37128.0,38977.0,38742.0,20247.0,0.0,0.0,0.0
THILLAYE Sabine,0.0,0.0,19707.0,22467.0,23737.0,17461.0,19131.0,9000.0,0.0,0.0,0.0
THOMAS Valérie,0.0,0.0,0.0,0.0,0.0,0.0,2625.0,1200.0,0.0,0.0,0.0
THOUROT Alice,0.0,0.0,18409.0,24312.0,31099.0,16142.0,21556.0,26033.0,0.0,0.0,0.0
TIEGNA Huguette,0.0,0.0,0.0,0.0,35000.0,35000.0,36000.0,18500.0,0.0,0.0,0.0
TOLMONT Sylvie,0.0,0.0,0.0,0.0,0.0,3600.0,1612.0,0.0,0.0,0.0,0.0
TOURAINE Jean-Louis,0.0,0.0,0.0,0.0,0.0,0.0,129040.0,0.0,0.0,0.0,0.0
TOURRET Alain,0.0,0.0,85556.0,71156.0,69027.0,64739.0,59466.0,0.0,0.0,0.0,0.0
TOUTUT-PICARD Élisabeth,0.0,0.0,82819.0,92705.0,128296.0,145892.0,145687.0,75179.0,0.0,0.0,0.0
TRASTOUR-ISNART Laurence,0.0,17130.0,28709.0,29698.0,39628.0,39066.0,52397.0,23167.0,0.0,0.0,0.0
TRAVERT Stéphane,0.0,0.0,128426.0,150702.0,150190.0,145356.0,134474.0,175983.0,91463.0,0.0,0.0
TRISSE Nicole,0.0,0.0,45783.0,44312.0,47065.0,48741.0,48282.0,18657.0,0.0,0.0,0.0
TROMPILLE Stéphane,0.0,0.0,23829.0,25659.0,23558.0,21554.0,23207.0,25422.0,0.0,0.0,0.0
TUFFNELL Frédérique,0.0,78915.0,81218.0,82377.0,85096.0,87394.0,88604.0,76232.0,68129.0,0.0,0.0
TURQUOIS Nicolas,0.0,77705.0,82020.0,99206.0,87987.0,83212.0,65184.0,17083.0,0.0,0.0,0.0
UNTERMAIER Cécile,0.0,137130.0,106312.0,55698.0,60214.0,15136.0,0.0,0.0,0.0,0.0,0.0
VAINQUEUR-CHRISTOPHE Hélène,0.0,122876.0,157911.0,168229.0,199766.0,200670.0,198636.0,46957.0,0.0,0.0,0.0
VALENTIN Isabelle,0.0,0.0,22999.0,54249.0,33061.0,32199.0,32648.0,19046.0,0.0,0.0,0.0
VALETTA ARDISSON Alexandra,0.0,27478.0,27478.0,27478.0,33023.0,25872.0,25798.0,14000.0,0.0,0.0,0.0
VALLAUD Boris,0.0,0.0,101720.0,246272.0,336852.0,152717.0,153336.0,99890.0,0.0,0.0,0.0
VANCEUNEBROCK-MIALON Laurence,0.0,27333.0,28552.0,28679.0,25775.0,23389.0,23613.0,11827.0,0.0,0.0,0.0
VATIN Pierre,0.0,0.0,34118.0,34929.0,36504.0,36484.0,38302.0,18290.0,0.0,0.0,0.0
VÉRAN Olivier,0.0,0.0,30500.0,73300.0,73400.0,59500.0,95000.0,42000.0,0.0,0.0,0.0
VERCAMER Francis,0.0,21600.0,21600.0,21600.0,28000.0,28000.0,28000.0,25800.0,15777.0,11777.0,0.0
VERCHÈRE Patrice,0.0,0.0,0.0,0.0,0.0,0.0,31310.0,15655.0,0.0,0.0,0.0
VERDIER-JOUCLAS Marie-Christine,0.0,50337.0,51787.0,50391.0,44649.0,53041.0,53405.0,27597.0,0.0,0.0,0.0
VIALA Arnaud,0.0,33758.0,33625.0,33492.0,40300.0,22604.0,22025.0,10638.0,0.0,0.0,0.0
VIALAY Michel,0.0,42771.0,39141.0,46217.0,46025.0,40462.0,30682.0,22052.0,0.0,0.0,0.0
VICHNIEVSKY Laurence,0.0,113705.0,109700.0,111392.0,111046.0,107650.0,106891.0,57446.0,0.0,0.0,0.0
VICTORY Michèle,0.0,0.0,28716.0,28921.0,31385.0,33517.0,33517.0,42278.0,0.0,0.0,0.0
VIDAL Annie,0.0,0.0,40496.0,44148.0,46719.0,47064.0,51518.0,26708.0,0.0,0.0,0.0
VIGIER Jean-Pierre,0.0,0.0,0.0,23832.0,28212.0,27300.0,27120.0,19548.0,3258.0,0.0,0.0
VIGIER Philippe,0.0,0.0,152200.0,153603.0,144758.0,136972.0,145101.0,47336.0,0.0,0.0,0.0
VIGNAL Patrick,0.0,0.0,0.0,0.0,1701.0,2268.0,2268.0,2268.0,0.0,0.0,0.0
VIGNON Corinne,0.0,0.0,25537.0,52944.0,59384.0,26736.0,26558.0,16134.0,0.0,0.0,0.0
VILLANI Cédric,0.0,133367.0,242538.0,266514.0,248967.0,168374.0,263057.0,179410.0,57540.0,22435.0,0.0
VILLIERS André,0.0,5441.0,53528.0,66145.0,44379.0,65811.0,76637.0,42731.0,0.0,0.0,0.0
VIRY Stéphane,0.0,90000.0,90000.0,90000.0,102210.0,90280.0,86380.0,47640.0,0.0,0.0,0.0
VUILLETET Guillaume,0.0,0.0,59905.0,97854.0,56549.0,38887.0,3000.0,16200.0,0.0,0.0,0.0
WARSMANN Jean-Luc,0.0,19007.0,22808.0,22808.0,22808.0,22821.0,35570.0,18189.0,0.0,0.0,0.0
WASERMAN Sylvain,0.0,195071.0,219658.0,188861.0,211089.0,192367.0,235094.0,142224.0,0.0,0.0,0.0
WOERTH Éric,0.0,19715.0,18179.0,16533.0,20842.0,22836.0,23075.0,11343.0,0.0,0.0,0.0
WONNER Martine,0.0,0.0,0.0,0.0,2652.0,22411.0,122754.0,51564.0,4176.0,696.0,0.0
WULFRANC Hubert,0.0,76729.0,76729.0,76729.0,76729.0,76729.0,76729.0,40102.0,0.0,0.0,0.0
ZANNIER Hélène,0.0,0.0,22100.0,24276.0,27075.0,28642.0,27847.0,12097.0,0.0,0.0,0.0
ZULESI Jean-Marc,0.0,0.0,0.0,18464.0,28280.0,28280.0,36638.0,21373.0,0.0,0.0,0.0
ZUMKELLER Michel,0.0,0.0,0.0,0.0,0.0,0.0,0.0,0.0,0.0,0.0,0.0
